<?xml version="1.0" encoding="UTF-8"?>
<!DOCTYPE glassfish-application PUBLIC "-//GlassFish.org//DTD GlassFish Application Server 3.1 Java EE Application 6.0//EN" "http://glassfish.org/dtds/glassfish-application_6_0-1.dtd">
<glassfish-application>
    <realm>bookRealm</realm>
    <security-role-mapping>
        <role-name>Admin</role-name>
        <group-name>admin</group-name>
    </security-role-mapping>
    <security-role-mapping>
        <role-name>User</role-name>
        <group-name>user</group-name>
    </security-role-mapping>
</glassfish-application>
