<?xml version="1.0" encoding="UTF-8"?>
<!DOCTYPE glassfish-ejb-jar PUBLIC "-//GlassFish.org//DTD GlassFish Application Server 3.1 EJB 3.1//EN" "http://glassfish.org/dtds/glassfish-ejb-jar_3_1-1.dtd">
<glassfish-ejb-jar>
    <enterprise-beans>
        <ejb>
            <ejb-name>TowerService</ejb-name>
            <ior-security-config>
                <transport-config>
                    <integrity>required</integrity>
                    <confidentiality>REQUIRED</confidentiality>
                    <establish-trust-in-target>supported</establish-trust-in-target>
                    <establish-trust-in-client>required</establish-trust-in-client> 
                </transport-config>
                <as-context>
                    <auth-method>USERNAME_PASSWORD</auth-method>
                    <realm>bookRealm</realm>
                    <required>true</required>
                </as-context>
            </ior-security-config>
        </ejb>
    </enterprise-beans>
</glassfish-ejb-jar>
